,Molecule,Electrons,Orbitals,Qubits,Qubit op,Circ len,Min energy,Time,nfev,nit
0,H2,2,2,4,1,89,-1.1360670454896724,0.33318908600000086,24,3
1,LiH,4,6,12,32,3217,-7.862030300079281,945.750391173,1023,2
